<?xml version="1.0" encoding="UTF-8"?>
<!DOCTYPE coverity SYSTEM "coverity_config.dtd">
<coverity>

<!-- THIS FILE IS AUTOMATICALLY GENERATED - YOU MAY ADD XML ENTITIES -->
<!-- TO UPDATE THE COMPILER CONFIGURATION AFTER THE begin_command_line_config ENTITY. -->
    <config>
      <build>
        <compiler>
          <comp_name>cl</comp_name>
          <comp_dir>c:\program files (x86)\microsoft visual studio 11.0\vc\bin</comp_dir>
          <comp_translator>msvc_cxx</comp_translator>
          <comp_lang>C/C++</comp_lang>
          <id>msvc_cxx-cl-1700-cbc2e049f0f8f873b19608ab1ba13e3b-0</id>
          <version>1700</version>
        </compiler>
        <options>
          <id>msvc_cxx-cl-1700-cbc2e049f0f8f873b19608ab1ba13e3b-0</id>
          <template_config_option_id>msvc_cxx-cl-.*</template_config_option_id>
          <preprocess_remove_arg>[-/]Fo.+</preprocess_remove_arg>
          <preprocess_remove_arg>[-/]c</preprocess_remove_arg>
          <preprocess_remove_next_arg>[-/]Fo</preprocess_remove_next_arg>
          <preprocess_switch>/E</preprocess_switch>
          <preprocess_compile_switch>/C</preprocess_compile_switch>
          <pre_preinclude_file>$CONFIGDIR$\coverity-macro-compat.h</pre_preinclude_file>
          <pre_preinclude_file>$CONFIGDIR$\coverity-compiler-compat.h</pre_preinclude_file>
          <prepend_arg>-w</prepend_arg>
          <prepend_arg>--no_stdarg_builtin</prepend_arg>
          <prepend_arg>--size_t_type=j</prepend_arg>
          <prepend_arg>--ptrdiff_t_type=i</prepend_arg>
          <prepend_arg>--type_sizes=w2x8li4s2ed8fP4</prepend_arg>
          <prepend_arg>--type_alignments=w2x8li4s2ed8fP4</prepend_arg>
          <prepend_arg>--enable_declspec</prepend_arg>
          <prepend_arg>--default_cdecl</prepend_arg>
          <prepend_arg>--microsoft_version</prepend_arg>
          <prepend_arg>1700</prepend_arg>
          <skip_arg>/E</skip_arg>
          <skip_arg>/EP</skip_arg>
          <skip_arg>/P</skip_arg>
          <skip_arg>/Zg</skip_arg>
          <skip_arg>/Zs</skip_arg>
          <skip_arg>/?</skip_arg>
          <skip_arg>/HELP</skip_arg>
          <skip_arg>/help</skip_arg>
          <skip_arg>/ZW</skip_arg>
          <skip_arg>-E</skip_arg>
          <skip_arg>-EP</skip_arg>
          <skip_arg>-P</skip_arg>
          <skip_arg>-Zg</skip_arg>
          <skip_arg>-Zs</skip_arg>
          <skip_arg>-?</skip_arg>
          <skip_arg>-HELP</skip_arg>
          <skip_arg>-help</skip_arg>
          <skip_arg>-ZW</skip_arg>
          <skip_substring>/CLR</skip_substring>
          <skip_substring>-CLR</skip_substring>
          <skip_substring>/clr</skip_substring>
          <skip_substring>-clr</skip_substring>
          <skip_file>conftest\.c{1,2}$</skip_file>
          <skip_file>conftest\.cpp$</skip_file>
          <opt_preinclude_file>$CONFIGDIR$/../user_nodefs.h</opt_preinclude_file>
          <begin_command_line_config></begin_command_line_config>
        </options>
      </build>
    </config>
<md5>b20e165c9e17cee7161f19d07e8f4316</md5>
</coverity>

