<?xml version="1.0" encoding="UTF-8"?>
<!DOCTYPE coverity SYSTEM "config.dtd">
<coverity>

<metrics>
    <metric>
        <name>time</name>
        <value>192</value>
    </metric>
    <metric>
        <name>args</name>
        <value>cov-build --dir idir</value>
    </metric>
    <metric>
        <name>host</name>
        <value>WIN-OHVT1OSKC9G</value>
    </metric>
    <metric>
        <name>short-platform</name>
        <value>win64</value>
    </metric>
    <metric>
        <name>platform</name>
        <value>Windows 7 Enterprise, 64-bit (build 7600)</value>
    </metric>
    <metric>
        <name>ident</name>
        <value>harmony (build 7ec8a212d9 p-harmony-push-20278)</value>
    </metric>
    <metric>
        <name>user</name>
        <value>David Cuthbert</value>
    </metric>
    <metric>
        <name>cwd</name>
        <value>C:\Users\David Cuthbert\Downloads\simpleCpp\simpleCpp</value>
    </metric>
    <metric>
        <name>config</name>
        <value>C:\Program Files\Coverity\Coverity Static Analysis\config\coverity_config.xml</value>
    </metric>
    <metric>
        <name>intermediatedir</name>
        <value>c:\Users\David Cuthbert\Downloads\simpleCpp\simpleCpp\idir</value>
    </metric>
    <metric>
        <name>outputdir</name>
        <value>c:\Users\David Cuthbert\Downloads\simpleCpp\simpleCpp\idir\output</value>
    </metric>
    <metric>
        <name>emitdir</name>
        <value>c:\Users\David Cuthbert\Downloads\simpleCpp\simpleCpp\idir\emit</value>
    </metric>
    <metric>
        <name>force</name>
        <value>no</value>
    </metric>
    <metric>
        <name>cygwin</name>
        <value>no</value>
    </metric>
    <metric>
        <name>failures</name>
        <value>0</value>
    </metric>
    <metric>
        <name>successes</name>
        <value>6</value>
    </metric>
    <metric>
        <name>uptodate</name>
        <value>0</value>
    </metric>
    <metric>
        <name>buildcmd</name>
        <value>msbuild.exe /t:rebuild simpleCpp.sln</value>
    </metric>
</metrics>
</coverity>
